N_grid,max_Dif,it
32,0.001652059,16
50,0.000791222,17
64,0.0004081,17
100,0.000121172,16
128,0.00016068,18
200,7.93E-05,19
256,3.97E-05,20
